SU3,SU2,U1,lowest_dim,d3_ex,d4_ex,d5_ex,d6_ex,d7_ex,d8_ex,d9_ex,LP(mQ=1e17),E_num,E_den,N_num,N_den,LP(mQ=5e11),Nmax(mQ=5e11),Nmax(mQ=1e17),log10(mQmin (GeV))
3,1,-2,3,d*QLd,d*p*QRd,d*G*QLd,d*e*ed*QRd,dd^2*e*p*QRd,dd^2*e*p^2*QLd,dd^2*e*p^3*QRd,1.980354122442602e+39,1,3,1,2,9.340728937763314e+38,28,182,< 3
3,1,4,3,u*QLd,u*p*QRd,u*G*QLd,d*ld^2*QLd,d*ld^2*p*QRd,d*ld^2*p^2*QLd,2*dd^2*l^2*ed*QRd,6.847914203479361e+35,4,3,1,2,5.422788973654095e+34,13,87,< 3
3,2,1,3,q*QRd,q*p*QLd,q*G*QRd,dd^2*l*QRd,dd^2*l*p*QLd,dd^2*l*p^2*QRd,dd^2*l*p^3*QLd,9.732304928794173e+39,5,3,1,1,6.526273948759588e+39,9,59,< 3
3,2,-5,4,,hd*d*QLd,hd^2*q*QRd,2*d*ld*e*QLd,d*ld*e*p*QRd,3*d*ld*e*p^2*QLd,dd^2*l^3*QRd,1.09005039365351e+30,17,3,1,1,4.348136847693364e+27,4,27,4
3,2,7,4,,h*u*QLd,h^2*q*QRd,d*ld*ed*QRd,dd^2*ld*p*QRd,dd^2*ld*p^2*QLd,dd^2*ld*p^3*QRd,1.0687318756791856e+26,29,3,1,1,5.580745068431861e+22,2,13,11
3,3,-2,4,,hd*q*QRd,d*W*QLd,d*l*ld*QRd,3*d*W*G*QLd,dd^2*e*W*QLd,4*dd^2*e*W*p*QRd,6.151684317380476e+36,7,1,3,2,5.12002652584207e+30,2,14,10
3,3,4,4,,h*q*QRd,u*W*QLd,d*ld^2*QLd,3*u*W*G*QLd,2*d*ld^2*p^2*QLd,dd^2*l^2*ed*QRd,1.730951038954054e+30,10,1,3,2,6.590956415503456e+27,2,14,10
3,3,-8,5,,,hd^2*d*QLd,d*l^2*QLd,qd*ud*l*p*QRd,d*l^2*p^2*QLd,d*ld^2*e^2*QLd,3.980006857856517e+22,22,1,3,2,3.5024423141508234e+18,1,7,14
3,3,10,5,,,h^2*u*QLd,u*ld^2*QLd,q*ld*ed*p*QRd,2*dd^2*ed*W*QRd,4*dd^2*ed*W*p*QLd,7.373170541660753e+20,31,1,3,2,2.7331365035158736e+16,1,4,15
3,4,-5,5,,,hd^2*q*QRd,q*l^2*QRd,qd^2*l*p*QLd,3*d*ld*e*W*QLd,7*d*ld*e*W*p*QRd,2.8515662831340356e+23,70,3,2,1,1.6547396345399018e+17,1,5,15
3,4,1,5,,,q*W*QRd,qd^2*ld*QLd,qd^2*ld*p*QRd,2*dd^2*l*W*QRd,4*dd^2*l*W*p*QLd,3.063314332891873e+23,46,3,2,1,1.7204739658381392e+17,1,5,15
3,4,7,5,,,h^2*q*QRd,q*ld^2*QRd,hd*u*ld^2*QLd,dd^2*ld*W*QLd,4*dd^2*ld*W*p*QRd,2.7471716791878815e+22,94,3,2,1,1.5384232026632275e+17,1,5,15
6,1,-4,5,,,ud*G*QRd,ud*d*dd*QLd,4*ud*G^2*QRd,2*dd*l^2*G*QRd,4*dd*l^2*G*p*QLd,3.63933736120754e+32,8,3,5,2,5.081567221083908e+30,5,35,< 3
6,1,2,5,,,dd*G*QRd,d^2*ed*QRd,4*dd*G^2*QRd,7*dd*G^2*p*QLd,10*dd*G^2*p^2*QRd,9.86332371464659e+37,2,3,5,2,2.298751808743081e+37,5,35,< 3
6,2,-1,5,,,qd*G*QLd,d^2*ld*QLd,u*d*l*p*QLd,2*dd*ld*e*G*QRd,7*dd*ld*e*G*p*QLd,1.7641410463977387e+39,10,3,5,1,7.319882428068694e+38,2,17,9
8,1,-6,5,,,e*G*QLd,d*dd*e*QRd,3*e*G^2*QLd,4*e*G^2*p*QRd,7*e*G^2*p^2*QLd,1.4358908317245863e+26,8,1,3,1,7.583272248121247e+22,2,14,10
8,1,6,5,,,ed*G*QRd,dd^3*QRd,3*ed*G^2*QRd,4*ed*G^2*p*QLd,7*ed*G^2*p^2*QRd,1.4358908317245863e+26,8,1,3,1,7.583272248121247e+22,2,14,10
8,2,-3,5,,,l*G*QRd,d*dd*l*QLd,3*l*G^2*QRd,4*l*G^2*p*QLd,7*l*G^2*p^2*QRd,1.797452670984842e+30,8,1,6,1,6.724818009697235e+27,2,14,10
8,2,3,5,,,ld*G*QLd,d*dd*ld*QRd,3*ld*G^2*QLd,4*ld*G^2*p*QRd,7*ld*G^2*p^2*QLd,1.797452670984842e+30,8,1,6,1,6.724818009697235e+27,2,14,10
15,1,-2,5,,,d*G*QLd,d^2*dd*QRd,6*d*G^2*QLd,2*dd^2*e*G*QLd,7*dd^2*e*G*p*QRd,2.8519745918775752e+32,5,3,10,1,8.346590631257825e+21,1,8,13
15,1,4,5,,,u*G*QLd,u*d*dd*QRd,6*u*G^2*QLd,2*d*ld^2*G*QLd,4*d*ld^2*G*p*QRd,1.2947753447536316e+27,20,3,10,1,7.634145581329074e+21,1,8,13
15,2,1,5,,,q*G*QRd,2*qd*u*d*QLd,qd*u*d*p*QRd,3*dd^2*l*G*QRd,7*dd^2*l*G*p*QLd,2.1339726295778485e+22,25,3,20,1,1908754687100404.0,1,4,15
3,1,-14,6,,,,d*e^2*QLd,ud^2*e*p*QRd,2*d*e^2*p^2*QLd,d*e^2*p^3*QRd,2.1718480079750164e+22,49,3,1,2,1.8850083726530102e+18,1,6,14
3,1,-8,6,,,,ud*dd*e*QLd,d*l^2*p*QRd,d*l^2*p^2*QLd,dd^2*l^2*e*QLd,3.015179687126984e+28,16,3,1,2,5.730252867667288e+25,3,21,7
3,1,10,6,,,,dd^2*ed*QRd,dd^2*ed*p*QLd,dd^2*ed*p^2*QRd,dd^2*ed*p^3*QLd,6.384234093381841e+25,25,3,1,2,3.170311854038003e+22,2,13,11
3,1,16,6,,,,u*ed^2*QLd,h*u*ld*ed*QRd,u*ed^2*p^2*QLd,d*ld^2*ed^2*QLd,1.7503883197658652e+21,64,3,1,2,8.728505014760518e+16,1,4,15
3,2,-11,6,,,,d*l*e*QRd,d*l*e*p*QLd,2*d*l*e*p^2*QRd,dd^2*l*e^2*QRd,4.0573751973135217e+21,65,3,1,1,2.274081038780511e+17,1,5,15
3,2,13,6,,,,u*ld*ed*QRd,u*ld*ed*p*QLd,2*u*ld*ed*p^2*QRd,dd^2*l*ed^2*QRd,2.7459338068344966e+20,89,3,1,1,8526003595058980.0,1,3,16
3,4,-11,6,,,,hd^3*d*QLd,hd*d*l^2*QLd,2*d*l*e*W*QRd,7*d*l*e*W*p*QLd,3.242685768314347e+19,166,3,2,1,582849533709882.1,1,2,16
3,4,13,6,,,,h^3*u*QLd,h*u*ld^2*QLd,2*u*ld*ed*W*QRd,7*u*ld*ed*W*p*QLd,6.698554368358262e+18,214,3,2,1,86516481048987.75,1,1,17
3,5,-8,6,,,,hd^3*q*QRd,hd*q*l^2*QRd,d*l^2*W*QLd,3*d*l^2*W*p*QRd,7.413312588820016e+19,170,3,5,2,143201313783164.34,1,2,16
3,5,-2,6,,,,hd*q*W*QRd,2*d*W^2*QLd,d*W^2*p*QRd,4*d*W^2*p^2*QLd,8.024074289262232e+19,95,3,5,2,149077188740071.56,1,2,16
3,5,4,6,,,,h*q*W*QRd,2*u*W^2*QLd,d*ld^2*W*QLd,3*d*ld^2*W*p*QRd,7.943810817744228e+19,110,3,5,2,148143436342244.22,1,2,16
3,5,10,6,,,,h^3*q*QRd,h*q*ld^2*QRd,u*ld^2*W*QLd,3*u*ld^2*W*p*QRd,2.4532795219867914e+19,215,3,5,2,136352315810829.02,1,2,16
6,1,-10,6,,,,d^2*e*QLd,ud^2*d*p*QRd,dd*e^2*G*QRd,3*dd*e^2*G*p*QLd,2.3419347392325577e+22,50,3,5,2,1.8638093219961485e+18,1,6,14
6,1,8,6,,,,u*d*ed*QRd,u*dd^2*p*QRd,dd*ld^2*G*QRd,4*dd*ld^2*G*p*QLd,3.3394405563060953e+24,32,3,5,2,7.841449018512499e+20,1,10,12
6,1,14,6,,,,u^2*ed*QRd,h*u^2*ld*QLd,dd*ed^2*G*QRd,3*dd*ed^2*G*p*QLd,9.676372637806941e+19,98,3,5,2,2336774648520789.0,1,3,16
6,2,-7,6,,,,d^2*l*QRd,qd*ud*d*p*QLd,2*dd*l*e*G*QLd,7*dd*l*e*G*p*QRd,3.3843969618353815e+22,58,3,5,1,2.741249536700499e+18,1,6,14
6,2,5,6,,,,2*u*d*ld*QLd,u*d*ld*p*QRd,3*dd*l*ed*G*QRd,7*dd*l*ed*G*p*QLd,8.364622444246895e+25,34,3,5,1,3.672446150971036e+22,2,13,11
6,2,11,6,,,,u^2*ld*QLd,q*u*ed*p*QRd,2*dd*ld*ed*G*QLd,7*dd*ld*ed*G*p*QRd,3.392751736703394e+19,130,3,5,1,622990639396336.4,1,2,16
6,3,-4,6,,,,qd^2*d*QLd,3*ud*W*G*QRd,dd*l^2*G*QRd,3*dd*l^2*G*p*QLd,3.4016141353050927e+25,20,1,15,2,9.287047063551302e+18,1,7,14
6,3,2,6,,,,qd^2*u*QLd,3*dd*W*G*QRd,4*dd*W*G*p*QLd,7*dd*W*G*p^2*QRd,3.7284234900312435e+25,14,1,15,2,9.60755896101557e+18,1,7,14
6,3,8,6,,,,q*u*ld*QRd,q*u*ld*p*QLd,dd*ld^2*G*QRd,3*dd*ld^2*G*p*QLd,1.3913489623418533e+20,44,1,15,2,3305563376129002.5,1,3,16
6,4,-1,6,,,,q^2*l*QRd,3*qd*W*G*QLd,d^2*ld*W*QLd,3*d^2*ld*W*p*QRd,9.213573416032577e+19,92,3,10,1,165882455048434.88,1,2,16
6,4,5,6,,,,q^2*ld*QLd,hd*q*u*ld*QRd,3*u*d*ld*W*QLd,7*u*d*ld*W*p*QRd,8.984894474290551e+19,140,3,10,1,163605213252695.12,1,2,16
8,1,-12,6,,,,ud*d*e*QRd,ud*d*e*p*QLd,l^2*e*G*QLd,4*l^2*e*G*p*QRd,1.2425618874060826e+20,32,1,3,1,3119900273396292.5,1,3,16
8,1,0,6,,,,2*ud*dd^2*QRd,ud*dd^2*p*QLd,2*ld^2*e*G*QLd,4*ld^2*e*G*p*QRd,5.31535239390565e+40,0,1,3,1,5.150959822788962e+40,4,29,4
8,1,12,6,,,,u*dd*ed*QLd,u*dd*ed*p*QRd,ld^2*ed*G*QRd,4*ld^2*ed*G*p*QLd,1.2425618874060826e+20,32,1,3,1,3119900273396292.5,1,3,16
8,2,-9,6,,,,ud*d*l*QLd,ud*d*l*p*QRd,ld*e^2*G*QLd,3*ld*e^2*G*p*QRd,6.961847615001606e+19,40,1,6,1,1478977778095985.0,1,3,16
8,2,9,6,,,,u*dd*ld*QRd,u*dd*ld*p*QLd,ld^3*G*QLd,2*ld^3*G*p*QRd,6.961847615001606e+19,40,1,6,1,1478977778095985.0,1,3,16
8,3,-6,6,,,,qd*d*l*QRd,3*e*W*G*QLd,4*e*W*G*p*QRd,7*e*W*G*p^2*QLd,1.1218551422550893e+21,40,1,9,1,3.751386700167056e+16,1,4,15
8,3,0,6,,,,2*qd*d*ld*QLd,qd*d*ld*p*QRd,ld^2*e*G*QLd,3*ld^2*e*G*p*QRd,1.3083223230558479e+23,16,1,9,1,8.033780650122814e+16,1,5,15
8,3,6,6,,,,2*qd*u*ld*QLd,3*ed*W*G*QRd,4*ed*W*G*p*QLd,7*ed*W*G*p^2*QRd,1.1218551422550893e+21,40,1,9,1,3.751386700167056e+16,1,4,15
8,4,-3,6,,,,qd^3*QLd,3*l*W*G*QRd,4*l*W*G*p*QLd,7*l*W*G*p^2*QRd,1.5294763925760842e+19,48,1,12,1,36260659223355.15,1,2,16
8,4,3,6,,,,q*qd*ld*QRd,3*ld*W*G*QLd,4*ld*W*G*p*QRd,7*ld*W*G*p^2*QLd,1.5294763925760842e+19,48,1,12,1,36260659223355.15,1,2,16
10,1,0,6,,,,u*d^2*QLd,q^2*d*p*QRd,3*ud*dd^2*G*QRd,7*ud*dd^2*G*p*QLd,4.49159674586623e+40,0,1,15,2,2.3432141406953955e+30,1,11,12
10,1,6,6,,,,u^2*d*QLd,ed*G^2*QRd,3*ed*G^2*p*QLd,3*ed*G^2*p^2*QRd,6.835253669278419e+24,10,1,15,2,1.4698544202551164e+21,1,10,12
10,2,-3,6,,,,q*d^2*QRd,l*G^2*QRd,3*l*G^2*p*QLd,3*l*G^2*p^2*QRd,6.467573497485843e+24,10,1,15,1,8.217573132893061e+16,1,5,15
10,2,3,6,,,,q*u*d*QRd,ld*G^2*QLd,3*ld*G^2*p*QRd,3*ld*G^2*p^2*QLd,6.467573497485843e+24,10,1,15,1,8.217573132893061e+16,1,5,15
10,2,9,6,,,,q*u^2*QRd,h*u^2*d*QLd,2*u*dd*ld*G*QRd,7*u*dd*ld*G*p*QLd,1.9615639251888546e+19,50,1,15,1,290176256631996.0,1,2,16
10,3,0,6,,,,q^2*d*QLd,hd*q*u*d*QRd,u*d^2*W*QLd,3*u*d^2*W*p*QRd,2.6901900268806896e+21,20,1,45,2,500633581059252.5,1,3,16
10,3,6,6,,,,q^2*u*QLd,hd*q*u^2*QRd,u^2*d*W*QLd,4*ed*W*G^2*QRd,1.8459977538693176e+20,50,1,45,2,480901116646728.5,1,3,16
15,1,-8,6,,,,ud*d^2*QRd,hd*qd*d^2*QLd,d*l^2*G*QLd,4*d*l^2*G*p*QRd,4.725596711015693e+20,80,3,10,1,1.4041407491990154e+16,1,4,15
15,1,10,6,,,,u^2*dd*QRd,h*qd*u^2*QLd,3*dd^2*ed*G*QRd,7*dd^2*ed*G*p*QLd,2.88140165706317e+19,125,3,10,1,486982489485319.5,1,2,16
15,2,-5,6,,,,qd*d^2*QLd,q*ud*d*p*QRd,3*d*ld*e*G*QLd,7*d*ld*e*G*p*QRd,3.0812334663329896e+21,85,3,20,1,1852046867008042.5,1,4,15
15,2,7,6,,,,qd*u^2*QLd,q*u*dd*p*QRd,2*dd^2*ld*G*QLd,7*dd^2*ld*G*p*QRd,3.4141363498026815e+19,145,3,20,1,517911303235271.25,1,2,16
15,3,-2,6,,,,q*qd*d*QRd,3*d*W*G*QLd,4*d*W*G*p*QRd,7*d*W*G*p^2*QLd,8.533692406066921e+19,35,1,30,1,68915515785563.08,1,2,16
15,3,4,6,,,,q*qd*u*QRd,3*u*W*G*QLd,d*ld^2*G*QLd,3*d*ld^2*G*p*QRd,8.416541493311211e+19,50,1,30,1,68483860019472.15,1,2,16
15,4,1,6,,,,q^2*qd*QLd,3*q*W*G*QRd,3*qd*u*d*W*QLd,qd*d^2*ld^2*QLd,1.314260065461215e+18,230,3,40,1,4396543483723.237,1,1,17
3,2,-17,7,,,,,hd*d*e^2*QLd,hd*d*e^2*p*QRd,d*l^3*e*QRd,1.157137441417788e+19,149,3,1,1,178648781431531.7,1,2,16
3,2,19,7,,,,,h*u*ed^2*QLd,h*u*ed^2*p*QRd,u*ld^3*ed*QRd,4.446974416326832e+18,185,3,1,1,55449958194193.15,1,1,17
3,3,-14,7,,,,,hd*d*l*e*QRd,d*e^2*W*QLd,3*d*e^2*W*p*QRd,1.1940674128550193e+19,55,1,3,2,180227206070022.66,1,2,16
3,3,16,7,,,,,h*u*ld*ed*QRd,u*ed^2*W*QLd,dd^2*ld^2*ed*QRd,3.926763875538234e+18,70,1,3,2,46446140028864.125,1,1,17
3,5,-14,7,,,,,hd^4*d*QLd,hd^2*d*l^2*QLd,qd^2*l^2*e*QLd,1.8244149718799816e+18,335,3,5,2,17254163134851.29,1,1,17
3,6,-11,7,,,,,hd^4*q*QRd,hd^2*q*l^2*QRd,hd*d*l^2*W*QLd,3.264439732590205e+18,113,1,3,1,10038598028035.35,1,1,17
3,6,-5,7,,,,,hd^2*q*W*QRd,qd^2*l*W*QRd,4*qd^2*l*W*p*QLd,3.5556586655238226e+18,65,1,3,1,10411180794713.955,1,1,17
3,6,1,7,,,,,2*q*W^2*QRd,2*qd^2*ld*W*QLd,4*qd^2*ld*W*p*QRd,3.5870741568513004e+18,53,1,3,1,10476802770761.64,1,1,17
3,6,7,7,,,,,h^2*q*W*QRd,q*ld^2*W*QRd,3*q*ld^2*W*p*QLd,3.51567126320642e+18,77,1,3,1,10332976751618.543,1,1,17
3,6,13,7,,,,,h^4*q*QRd,h^2*q*ld^2*QRd,h*u*ld^2*W*QLd,1.561168873263466e+18,137,1,3,1,9642926850882.738,1,1,17
6,2,-13,7,,,,,hd*d^2*e*QLd,2*ud*l*e*G*QLd,d^2*ld*e^2*QLd,6.894987364211202e+18,178,3,5,1,89840368933646.45,1,1,17
6,2,17,7,,,,,h*u^2*ed*QRd,h*u^2*ed*p*QLd,u*dd^2*ld*ed*QRd,1.1751925453020444e+18,298,3,5,1,10437380117235.857,1,1,17
6,3,-10,7,,,,,hd*d^2*l*QRd,d^2*e*W*QLd,3*d^2*e*W*p*QRd,1.21985075187018e+19,62,1,15,2,174653161002947.1,1,2,16
6,3,14,7,,,,,h*u^2*ld*QLd,u^2*ed*W*QRd,u*d*ld^2*ed*QRd,1.1930485023206874e+18,110,1,15,2,10450504491719.805,1,1,17
6,4,-7,7,,,,,hd*qd^2*d*QLd,d^2*l*W*QRd,3*d^2*l*W*p*QLd,8.34282966725781e+19,188,3,10,1,159946054051848.66,1,2,16
6,4,11,7,,,,,h*q*u*ld*QRd,u^2*ld*W*QLd,3*u^2*ld*W*p*QRd,2.0557507032193646e+18,332,3,10,1,19613766998617.305,1,1,17
6,5,-4,7,,,,,hd*q^2*l*QRd,2*qd^2*d*W*QLd,4*ud*W^2*G*QRd,2.4266673080098355e+18,220,3,25,2,7509368706217.234,1,1,17
6,5,2,7,,,,,hd*q^2*ld*QLd,2*qd^2*u*W*QLd,4*dd*W^2*G*QRd,2.438895898648493e+18,190,3,25,2,7528265733994.329,1,1,17
6,5,8,7,,,,,h*q^2*ld*QLd,2*q*u*ld*W*QRd,qd^2*u*ld^2*QLd,2.360497840170634e+18,340,3,25,2,7396978501967.757,1,1,17
8,2,-15,7,,,,,hd*ud*d*e*QRd,l*e^2*G*QRd,3*l*e^2*G*p*QLd,1.1345610237794019e+18,104,1,6,1,9913237345252.457,1,1,17
8,2,15,7,,,,,h*u*dd*ed*QLd,ld*ed^2*G*QLd,3*ld*ed^2*G*p*QRd,1.1345610237794019e+18,104,1,6,1,9913237345252.457,1,1,17
8,3,-12,7,,,,,hd*ud*d*l*QLd,l^2*e*G*QLd,3*l^2*e*G*p*QRd,1.314260065461215e+18,112,1,9,1,11672497354547.354,1,1,17
8,3,12,7,,,,,h*u*dd*ld*QRd,ld^2*ed*G*QRd,3*ld^2*ed*G*p*QLd,1.314260065461215e+18,112,1,9,1,11672497354547.354,1,1,17
8,4,-9,7,,,,,hd*qd*d*l*QRd,2*ud*d*l*W*QLd,l^3*G*p*QLd,3.0046145030363863e+18,112,1,12,1,29029321386321.543,1,1,17
8,4,9,7,,,,,2*h*qd*u*ld*QLd,2*u*dd*ld*W*QRd,ld^3*G*p*QRd,3.0046145030363863e+18,112,1,12,1,29029321386321.543,1,1,17
8,5,-6,7,,,,,hd*qd^3*QLd,2*qd*d*l*W*QRd,4*e*W^2*G*QLd,1.0694914770580847e+18,120,1,15,1,3752719612763.715,1,1,17
8,5,0,7,,,,,hd*q*qd*ld*QRd,3*qd*d*ld*W*QLd,7*qd*d*ld*W*p*QRd,1.080297512181159e+18,80,1,15,1,3776373113879.313,1,1,17
8,5,6,7,,,,,h*q*qd*ld*QRd,3*qd*u*ld*W*QLd,4*ed*W^2*G*QRd,1.0694914770580847e+18,120,1,15,1,3752719612763.715,1,1,17
10,1,-6,7,,,,,e*G^2*QLd,3*e*G^2*p*QRd,3*e*G^2*p^2*QLd,6.835253669278419e+24,10,1,15,2,1.4698544202551164e+21,1,10,12
10,1,12,7,,,,,h*q*u^2*QRd,2*u*dd*ed*G*QLd,7*u*dd*ed*G*p*QRd,3.218328191342973e+19,40,1,15,2,566244589568522.4,1,2,16
10,3,-6,7,,,,,hd*q*d^2*QRd,2*qd*d*l*G*QRd,4*e*W*G^2*QLd,1.8459977538693176e+20,50,1,45,2,480901116646728.5,1,3,16
10,4,-3,7,,,,,hd*q^2*d*QLd,qd^3*G*QLd,4*l*W*G^2*QRd,4.911106530778948e+18,60,1,30,1,13218848587680.932,1,1,17
10,4,3,7,,,,,hd*q^2*u*QLd,2*q*u*d*W*QRd,4*ld*W*G^2*QLd,4.911106530778948e+18,60,1,30,1,13218848587680.932,1,1,17
10,4,9,7,,,,,h*q^2*u*QLd,q*u^2*W*QRd,qd^2*u^2*ld*QLd,1.49775209493787e+18,140,1,30,1,11879669765297.006,1,1,17
15,2,-11,7,,,,,hd*ud*d^2*QRd,2*d*l*e*G*QRd,7*d*l*e*G*p*QLd,1.1751925453020444e+18,325,3,20,1,9950680277941.605,1,1,17
15,3,-8,7,,,,,hd*qd*d^2*QLd,d*l^2*G*QLd,3*d*l^2*G*p*QRd,2.2223237082221586e+18,110,1,30,1,20239739185765.652,1,1,17
15,4,-5,7,,,,,hd*q*qd*d*QRd,qd*d^2*W*QLd,3*qd*d^2*W*p*QRd,1.3043879430934915e+18,350,3,40,1,4374499274900.1636,1,1,17
15,4,7,7,,,,,h*q*qd*u*QRd,qd*u^2*W*QLd,2*qd*u*d*ld^2*QLd,1.281640408855388e+18,470,3,40,1,4341640030923.838,1,1,17
152,1,-2,7,,,,,d*G^2*QLd,3*d*G^2*p*QRd,3*d*G^2*p^2*QLd,1.6743950715438905e+22,152,9,35,2,4873983917622234.0,1,4,15
152,1,4,7,,,,,u*G^2*QLd,3*u*G^2*p*QRd,3*u*G^2*p^2*QLd,4.021648882293025e+18,608,9,35,2,40704764577689.055,1,1,17
152,2,1,7,,,,,q*G^2*QRd,3*qd*u*d*G*QLd,u^2*d^2*l*QRd,1.3460174053832003e+18,760,9,35,1,4435388487329.183,1,1,17
24,1,-2,7,,,,,3*d*G^2*QLd,dd^2*e*G*QLd,3*dd^2*e*G*p*QRd,7.466410082003292e+20,8,3,25,1,191673641639205.4,1,3,16
24,1,4,7,,,,,3*u*G^2*QLd,3*ud*dd*ed*G*QRd,7*ud*dd*ed*G*p*QLd,7.336201565529816e+20,32,3,25,1,190233876637850.53,1,3,16
24,2,1,7,,,,,3*q*G^2*QRd,dd^2*l*G*QRd,3*dd^2*l*G*p*QLd,5.457865874356344e+18,40,3,50,1,7295432448758.267,1,1,17
27,1,-6,7,,,,,2*e*G^2*QLd,e*G^2*p*QRd,4*e*G^2*p^2*QLd,2.8838624878645277e+20,27,1,27,1,114211785899468.12,1,3,16
27,1,6,7,,,,,2*ed*G^2*QRd,ed*G^2*p*QLd,4*ed*G^2*p^2*QRd,2.8838624878645277e+20,27,1,27,1,114211785899468.12,1,3,16
27,2,-3,7,,,,,2*l*G^2*QRd,l*G^2*p*QLd,4*l*G^2*p^2*QRd,3.9964590841837635e+18,27,1,54,1,5944191777980.37,1,1,17
27,2,3,7,,,,,2*ld*G^2*QLd,ld*G^2*p*QRd,4*ld*G^2*p^2*QLd,3.9964590841837635e+18,27,1,54,1,5944191777980.37,1,1,17
42,1,-2,7,,,,,2*d*G^2*QLd,d*G^2*p*QRd,4*d*G^2*p^2*QLd,2.469737655427127e+18,14,3,119,2,4217949977100.6885,1,1,17
42,1,4,7,,,,,2*u*G^2*QLd,u*G^2*p*QRd,4*u*G^2*p^2*QLd,2.4604443992668237e+18,56,3,119,2,4212652820863.122,1,1,17
3,3,-20,8,,,,,,hd^2*d*e^2*QLd,d*l^2*e^2*QLd,1.0094215030830815e+18,106,1,3,2,8819829636074.04,1,1,17
3,4,-17,8,,,,,,hd^2*d*l*e*QRd,qd*ud*l^2*e*QRd,1.1590594492406065e+18,334,3,2,1,10268255637006.367,1,1,17
6,1,-16,8,,,,,,ud*e^2*G*QRd,3*ud*e^2*G*p*QLd,2.0600935854028e+19,128,3,5,2,354799364865822.8,1,2,16
6,5,-10,8,,,,,,hd^2*qd^2*d*QLd,qd^2*d*l^2*QLd,1.7306206266700541e+18,430,3,25,2,7258853250360.605,1,1,17
10,1,-12,8,,,,,,2*ud*d*e*G*QRd,7*ud*d*e*G*p*QLd,3.218328191342973e+19,40,1,15,2,566244589568522.4,1,2,16
10,2,-9,8,,,,,,2*ud*d*l*G*QLd,7*ud*d*l*G*p*QRd,1.9615639251888546e+19,50,1,15,1,290176256631996.0,1,2,16
10,4,-9,8,,,,,,hd^2*q*d^2*QRd,qd^3*ud*d*QRd,1.49775209493787e+18,140,1,30,1,11879669765297.006,1,1,17
15,1,-14,8,,,,,,d*e^2*G*QLd,3*d*e^2*G*p*QRd,1.906448542260962e+18,245,3,10,1,18373068738465.6,1,1,17
24,1,-8,8,,,,,,2*ud*dd*e*G*QLd,7*ud*dd*e*G*p*QRd,2.3893851362382254e+19,128,3,25,1,177976552587742.94,1,2,16
24,1,10,8,,,,,,dd^2*ed*G*QRd,3*dd^2*ed*G*p*QLd,3.7062098936977756e+18,200,3,25,1,36627033304456.85,1,1,17
24,2,-5,8,,,,,,3*ud*dd*l*G*QRd,7*ud*dd*l*G*p*QLd,5.382940046419948e+18,136,3,50,1,7249737144199.705,1,1,17
24,2,7,8,,,,,,dd^2*ld*G*QLd,3*dd^2*ld*G*p*QRd,3.762522303803243e+18,232,3,50,1,7186244156761.716,1,1,17
24,3,-2,8,,,,,,2*qd*dd*l*G*QLd,8*d*W*G^2*QLd,1.2880989191975852e+18,56,1,75,1,2782634652843.174,1,1,17
24,3,4,8,,,,,,2*qd*dd*ld*G*QRd,8*u*W*G^2*QLd,1.2832519941852833e+18,80,1,75,1,2775649840379.5483,1,1,17
27,1,0,8,,,,,,4*ud*dd^2*G*QRd,10*ud*dd^2*G*p*QLd,3.512838952110662e+20,0,1,27,1,116971561231022.55,1,3,16
27,3,-6,8,,,,,,2*qd*d*l*G*QRd,4*e*W*G^2*QLd,1.0495206498722241e+18,135,1,81,1,2438663113432.2773,1,1,17
27,3,0,8,,,,,,3*qd*d*ld*G*QLd,7*qd*d*ld*G*p*QRd,1.0641290614372609e+18,54,1,81,1,2450952153970.032,1,1,17
27,3,6,8,,,,,,3*qd*u*ld*G*QLd,4*ed*W*G^2*QRd,1.0495206498722241e+18,135,1,81,1,2438663113432.2773,1,1,17
35,1,0,8,,,,,,u*d^2*G*QLd,3*u*d^2*G*p*QRd,3.838938714719326e+18,0,1,105,2,5624443373627.943,1,1,17
35,1,6,8,,,,,,u^2*d*G*QLd,2*ed*G^3*QRd,3.771990541583077e+18,35,1,105,2,5582195119500.781,1,1,17
42,1,-8,8,,,,,,ud*d^2*G*QRd,3*ud*d^2*G*p*QLd,2.1481861264084864e+18,224,3,119,2,4165276776361.2153,1,1,17
3,1,-20,9,,,,,,,ud*d^2*e^2*QRd,6.2330123161603785e+19,100,3,1,2,1482699566870485.8,1,3,16
3,1,22,9,,,,,,,u*ld^2*ed^2*QLd,2.0394868142220206e+19,121,3,1,2,377807551029619.0,1,2,16
3,2,-23,9,,,,,,,ud^2*l*e^2*QRd,1.2624585264680643e+18,269,3,1,1,11849850088698.205,1,1,17
6,1,-22,9,,,,,,,ud^4*e*QLd,1.6069496584812452e+18,242,3,5,2,15761569740589.184,1,1,17
6,1,20,9,,,,,,,u^3*dd*ed*QLd,2.9820452088598927e+18,200,3,5,2,33584940205161.86,1,1,17
8,1,-18,9,,,,,,,e^3*G*p*QRd,2.52623897594487e+18,72,1,3,1,27090704778293.16,1,1,17
8,1,18,9,,,,,,,ed^3*G*p*QLd,2.52623897594487e+18,72,1,3,1,27090704778293.16,1,1,17
10,1,-18,9,,,,,,,ud^4*d*QLd,1.3208829545075264e+18,90,1,15,2,11924540039244.879,1,1,17
10,1,18,9,,,,,,,u^2*dd^2*ed*QRd,1.3208829545075264e+18,90,1,15,2,11924540039244.879,1,1,17
21,1,-8,9,,,,,,,qd^4*ud*QRd,2.573272398427782e+19,112,3,35,1,20188934534719.992,1,2,16
21,1,-2,9,,,,,,,2*d*G^3*QLd,2.8275966705058464e+19,7,3,35,1,20676773185175.445,1,2,16
21,1,4,9,,,,,,,2*u*G^3*QLd,2.8028326609549943e+19,28,3,35,1,20598969557184.473,1,2,16
21,2,-5,9,,,,,,,qd*ud^2*dd^2*QLd,1.3733548696810179e+18,119,3,70,1,2835584078640.6606,1,1,17
21,2,1,9,,,,,,,qd^3*dd^2*QLd,1.383748960947797e+18,35,3,70,1,2846294261408.7363,1,1,17
35,1,-6,9,,,,,,,2*e*G^3*QLd,3.771990541583077e+18,35,1,105,2,5582195119500.781,1,1,17
